,index,prod_name,prod_link,price,year,origin,volume,content
0,0,글렌알라키 12년,http://www.kajawine.kr/shop/item.php?it_id=1611889453,129000,12,스코틀랜드,700,46.0
1,1,글랜킨치 12년 ,http://www.kajawine.kr/shop/item.php?it_id=1420591931,125000,12,스코틀랜드-로우랜드,750,43.0
2,2,발베니 더블 우드 17년산  ,http://www.kajawine.kr/shop/item.php?it_id=9704147093,650000,17,영국,700,48.7
3,3,글렌고인 21년,http://www.kajawine.kr/shop/item.php?it_id=1614675343,550000,21,스코틀랜드-스페이사이드,750,43.0
4,4,로얄살루트25년  ,http://www.kajawine.kr/shop/item.php?it_id=1677383597,490000,25,영국,750,43.0
5,5,발베니 25년 싱글배럴,http://www.kajawine.kr/shop/item.php?it_id=1612151334,1000000,25,영국,700,47.8
6,6,조니워커 얼티메이트18년 선물세트  ,http://www.kajawine.kr/shop/item.php?it_id=1676456642,190000,18,영국,700,40.0
7,7,맥켈란 12년 트리플 캐스크,http://www.kajawine.kr/shop/item.php?it_id=1589084175,180000,12,영국,700,43.0
8,8,써에드워드STD  ,http://www.kajawine.kr/shop/item.php?it_id=5993434575,59000,12,프랑스,2000,40.0
9,9,더 글렌리벳 21년 ,http://www.kajawine.kr/shop/item.php?it_id=9349011271,650000,21,스코틀랜드-스페이사이드,700,43.0
10,10,글렌고인 15년,http://www.kajawine.kr/shop/item.php?it_id=5067093534,190000,15,스코틀랜드-스페이사이드,750,43.0
11,11,올드파12년 ,http://www.kajawine.kr/shop/item.php?it_id=1071113360,55000,12,영국,750,43.0
12,12,산토리 야마자끼 12년,http://www.kajawine.kr/shop/item.php?it_id=1595282276,450000,12,일본,700,43.0
13,13,글렌고인 18년  ,http://www.kajawine.kr/shop/item.php?it_id=5067562305,340000,18,스코틀랜드-스페이사이드,750,43.0
14,14,그레이트 킹 스트리트 아티스트 블랜드   ,http://www.kajawine.kr/shop/item.php?it_id=1441520023,96000,12,스코틀랜드,500,43.0
15,15,써에드워드 STD 크레들 ,http://www.kajawine.kr/shop/item.php?it_id=5993291536,150000,12,프랑스,4500,40.0
16,16,써에드워드STD,http://www.kajawine.kr/shop/item.php?it_id=1444444169,22000,12,프랑스,700,40.0
17,17,산토리 히비끼 하모니  ,http://www.kajawine.kr/shop/item.php?it_id=1612755392,199000,15,일본,700,43.0
18,18,틸링 싱글그레인  ,http://www.kajawine.kr/shop/item.php?it_id=1611890246,120000,12,영국,700,46.0
19,19,틸링 싱글몰트  ,http://www.kajawine.kr/shop/item.php?it_id=1633051267,149000,12,아일랜드,700,46.0
20,20,조니워커 블루라벨 캐스크에디션  55.8%,http://www.kajawine.kr/shop/item.php?it_id=1694177111,650000,25,영국,1000,55.8
21,21,"버팔로 트레이스 1, ",http://www.kajawine.kr/shop/item.php?it_id=1678155763,70000,12,미국 켄터키,700,45.0
22,22,존리 버번 위스키  ,http://www.kajawine.kr/shop/item.php?it_id=1675253485,30000,12,미국,700,40.0
23,23,존리 허니 위스키  ,http://www.kajawine.kr/shop/item.php?it_id=1674882791,30000,12,미국,700,30.0
24,24,킹 위스키 린,http://www.kajawine.kr/shop/item.php?it_id=1610498661,65000,12,일본,2700,37.0
25,25,써에드워드12년  ,http://www.kajawine.kr/shop/item.php?it_id=1674819542,59000,12,프랑스,700,40.0
26,26,글렌고인 12년  ,http://www.kajawine.kr/shop/item.php?it_id=1639709756,105000,12,스코틀랜드-스페이사이드,750,43.0
27,27,산토리 하쿠슈 12년 싱글 몰트,http://www.kajawine.kr/shop/item.php?it_id=1437805516,390000,12,일본,700,43.0
28,28,생솜 위스키  6월중순 입고,http://www.kajawine.kr/shop/item.php?it_id=1622084462,30000,12,태국,700,40.0
29,29,임페리얼 21년 ,http://www.kajawine.kr/shop/item.php?it_id=1431258753,142000,21,영국 스코틀랜드,450,40.0
30,30,제임슨 6년   ,http://www.kajawine.kr/shop/item.php?it_id=1622000947,14000,6,아일랜드 Ireland,200,40.0
31,31,하이랜드 파크 18년 이미지가 다릅니다,http://www.kajawine.kr/shop/item.php?it_id=1329736949,280000,18,영국,700,43.0
32,32,조니워커 블루 고스트 앤 레어 글레너리 로얄  ,http://www.kajawine.kr/shop/item.php?it_id=1692611154,520000,25,영국,1000,43.8
33,33,발베니 12년 싱글배럴 : ,http://www.kajawine.kr/shop/item.php?it_id=1613957603,250000,12,스코틀랜드,700,47.8
34,34,로얄살루트블랜디드 피티드 스카치위스키 :  ,http://www.kajawine.kr/shop/item.php?it_id=1698484879,400000,21,영국,750,43.0
35,35,로얄살루트블랜디드 그레인 스카치위스키 :  ,http://www.kajawine.kr/shop/item.php?it_id=1698482749,400000,21,영국,750,43.0
36,36,로얄살루트블랜디드 그레인 스카치위스키 더 스노우 폴로 에디션 : ,http://www.kajawine.kr/shop/item.php?it_id=1672143596,400000,21,영국,750,43.0
37,37,로얄살루트블랜디드 스카치위스키 :  ,http://www.kajawine.kr/shop/item.php?it_id=1672143041,400000,21,영국,750,43.0
38,38,커티샥STD   ,http://www.kajawine.kr/shop/item.php?it_id=1071809173,33000,12,영국,750,43.0
39,39,오크 크로스,http://www.kajawine.kr/shop/item.php?it_id=4723748613,140000,12,영국,700,43.0
40,40,발베니 21년 싱글배럴 ,http://www.kajawine.kr/shop/item.php?it_id=1683436724,1380000,21,영국,700,47.8
41,41,스파이스 트리,http://www.kajawine.kr/shop/item.php?it_id=1441454700,150000,12,영국,700,46.0
42,42,산토리 하쿠슈 DR  ,http://www.kajawine.kr/shop/item.php?it_id=1593243414,188000,15,일본,700,43.0
43,43,불렛 버번 프런티어위스키 ,http://www.kajawine.kr/shop/item.php?it_id=1592997872,85000,12,미국,700,45.0
44,44,칼라일 블랜디드 스카치 위스키 ,http://www.kajawine.kr/shop/item.php?it_id=1612137373,20000,12,스코틀랜드,700,40.0
45,45,부쉬밀 16년 싱글몰트  ,http://www.kajawine.kr/shop/item.php?it_id=1551418316,250000,16,아일랜드,700,40.0
46,46,템플턴 라이 6년,http://www.kajawine.kr/shop/item.php?it_id=1612150437,128000,6,미국,700,45.75
47,47,더 글렌리벳 나두라,http://www.kajawine.kr/shop/item.php?it_id=9345777346,230000,18,스코틀랜드-스페이사이드,700,55.7
48,48,라가불린 16년 : ,http://www.kajawine.kr/shop/item.php?it_id=1420593638,220000,16,스코틀랜드-아일라섬,750,43.0
49,49,더글렌리벳15년 1리터 ,http://www.kajawine.kr/shop/item.php?it_id=6397497912,180000,15,스코틀랜드-스페이사이드,700,40.0
50,50,스칼리웩,http://www.kajawine.kr/shop/item.php?it_id=1611886920,130000,12,미국,700,46.0
51,51,써에드워드스모키  ,http://www.kajawine.kr/shop/item.php?it_id=1674874791,27000,12,프랑스,700,40.0
52,52,조니워커 블랙 ,http://www.kajawine.kr/shop/item.php?it_id=1070600218,49000,12,영국,700,40.0
53,53,스파니아드,http://www.kajawine.kr/shop/item.php?it_id=1612150647,155000,15,영국,700,43.0
54,54,이와이 ,http://www.kajawine.kr/shop/item.php?it_id=1549189684,70000,12,일본,750,40.0
55,55,글렌리벳 파운더스 리저브 몰트 ,http://www.kajawine.kr/shop/item.php?it_id=1634096855,83000,12,스코틀랜드,700,40.0
56,56,사무엘 겔스톤스 블렌디드 위스키  ,http://www.kajawine.kr/shop/item.php?it_id=1678289045,45000,12,아일랜드,700,40.0
57,57,이와이 트레디션  ,http://www.kajawine.kr/shop/item.php?it_id=1549184812,93000,12,일본,750,40.0
58,58,마쓰이 산인 블렌디드 위스키  ,http://www.kajawine.kr/shop/item.php?it_id=1636678884,64000,12,일본,700,40.0
59,59,조니워커 그린  ,http://www.kajawine.kr/shop/item.php?it_id=1329610219,92000,12,영국,700,43.0
60,60,라프로익 15년,http://www.kajawine.kr/shop/item.php?it_id=1330220626,180000,15,영국,750,43.0
61,61,불렛 95 라이 프런티어,http://www.kajawine.kr/shop/item.php?it_id=1612150491,95000,12,미국,700,45.0
62,62,더 글렌리벳 18년: 이미지가 다릅니다,http://www.kajawine.kr/shop/item.php?it_id=6398876925,280000,18,스코틀랜드-스페이사이드,700,43.0
63,63,클랜 캠벨,http://www.kajawine.kr/shop/item.php?it_id=1621993429,24000,12,스코틀랜드,700,40.0
64,64,산토리 가쿠빈 ,http://www.kajawine.kr/shop/item.php?it_id=1426326933,48000,12,일본,700,40.0
65,65,마쓰이 돗토리  ,http://www.kajawine.kr/shop/item.php?it_id=1636678429,77000,12,일본,700,43.0
66,66,달위니 15년 ,http://www.kajawine.kr/shop/item.php?it_id=1420592799,125000,15,스코틀랜드-하이랜드,750,43.0
67,67,잭다니엘 허니  ,http://www.kajawine.kr/shop/item.php?it_id=1566907879,35000,12,미국,375,35.0
68,68,일리악 아일라 싱글몰트 스카치위스키 ,http://www.kajawine.kr/shop/item.php?it_id=1622956005,100000,12,스코틀랜드 Scotland,700,58.0
69,69,패스포트  ,http://www.kajawine.kr/shop/item.php?it_id=1635218462,9500,12,스코틀랜드,200,40.0
70,70,글렌피딕 그랑 크루 23년 ,http://www.kajawine.kr/shop/item.php?it_id=1632449958,590000,23,스코틀랜드,700,43.0
71,71,애버 폴스 싱글 몰트 위스키   ,http://www.kajawine.kr/shop/item.php?it_id=1678289556,55000,12,스코틀랜드,700,40.0
72,72,버팔로 트레이스  ,http://www.kajawine.kr/shop/item.php?it_id=1612748480,60000,12,미국 켄터키,700,45.0
73,73,달모어 킹알렉산더3세 ,http://www.kajawine.kr/shop/item.php?it_id=4361410364,580000,25,스코틀랜드의 하이랜드(Highland),700,40.0
74,74,조니워커 블루 라벨  쥐띠 에디션 ,http://www.kajawine.kr/shop/item.php?it_id=3236337006,470000,21,영국,1000,40.0
75,75,보모어18년,http://www.kajawine.kr/shop/item.php?it_id=1862891315,270000,18,영국,700,43.0
76,76,오마르 싱글몰트 버번,http://www.kajawine.kr/shop/item.php?it_id=1612146331,145000,12,대만,700,46.0
77,77,카발란 솔리스트 올로로소 쉐리캐스크 싱글몰트위스키 직사각케이스  케이스 이미지가 다릅니다,http://www.kajawine.kr/shop/item.php?it_id=1590229460,370000,21,대만,700,57.8
78,78,아란 배럴 리저브  ,http://www.kajawine.kr/shop/item.php?it_id=1612146903,90000,12,영국,700,43.0
79,79,잭다니엘 ,http://www.kajawine.kr/shop/item.php?it_id=1073527902,34000,12,미국,375,40.0
80,80,라프로익 셀렉트,http://www.kajawine.kr/shop/item.php?it_id=7220669731,95000,12,영국,700,40.0
81,81,달모어 포트 우드 리저브  ,http://www.kajawine.kr/shop/item.php?it_id=1613821607,210000,18,스코틀랜드의 하이랜드(Highland),700,40.0
82,82,"글렌그란트 15년 1,000미리  ",http://www.kajawine.kr/shop/item.php?it_id=1676427342,175000,15,스코틀랜드 Scotland,1000,50.0
83,83,잭다니엘  ,http://www.kajawine.kr/shop/item.php?it_id=4892355234,49000,12,미국,750,43.0
84,84,라가불린 12년 싱글 몰트 2022: ,http://www.kajawine.kr/shop/item.php?it_id=1683354547,280000,12,스코틀랜드-아일라섬,750,43.0
85,85,마쓰이 산인 버번배럴 숙성 위스키  ,http://www.kajawine.kr/shop/item.php?it_id=1636678769,87000,12,일본,700,43.0
86,86,싱글톤 더프타운 12년+노징글라스 2 ,http://www.kajawine.kr/shop/item.php?it_id=1677202259,100000,12,영국,700,40.0
87,87,싱글톤 더프타운 12년 전용잔2개세트 ,http://www.kajawine.kr/shop/item.php?it_id=1661221939,100000,12,스코틀랜드,700,40.0
88,88,맥나마라 마데이라 캐스크 피니시  ,http://www.kajawine.kr/shop/item.php?it_id=1660181820,69000,12,스코틀랜드 Scotland,700,40.0
89,89,에즈라 브룩스 99 프루프   ,http://www.kajawine.kr/shop/item.php?it_id=1636681522,93000,12,미국,750,49.5
90,90,사무엘 겔스톤스 싱글 팟 스틸   ,http://www.kajawine.kr/shop/item.php?it_id=1678289032,50000,12,아일랜드,700,40.0
91,91,라이터즈 티얼즈 코퍼팟,http://www.kajawine.kr/shop/item.php?it_id=1628820225,98000,12,아일랜드 Ireland,700,40.0
92,92,글렌글라사 리바이벌,http://www.kajawine.kr/shop/item.php?it_id=1612146010,95000,12,영국,700,46.0
93,93,에반 윌리엄스 싱글배럴   ,http://www.kajawine.kr/shop/item.php?it_id=1658892268,99000,12,미국 USA,750,43.3
94,94,산토리 히비끼 21년 리미티드 에디션  ,http://www.kajawine.kr/shop/item.php?it_id=1688183615,1300000,21,일본,700,43.0
95,95,맥나마라 클래식 ,http://www.kajawine.kr/shop/item.php?it_id=1633311595,65000,12,스코틀랜드,700,43.0
96,96,오마르 싱글몰트 쉐리,http://www.kajawine.kr/shop/item.php?it_id=1612146468,155000,15,대만,700,46.0
97,97,태백 ,http://www.kajawine.kr/shop/item.php?it_id=1633314795,73000,12,스코틀랜드,700,40.0
98,98,콘티넨탈 위스키 옐로우 라벨 가쿠빈 대체상품  ,http://www.kajawine.kr/shop/item.php?it_id=1653109565,39000,12,일본,700,37.0
99,99,훼이머스 그라우스 파이니스트   : ,http://www.kajawine.kr/shop/item.php?it_id=1621991479,33000,12,스코틀랜드 Scotland,700,40.0
100,100,더 클래스 1933 : ,http://www.kajawine.kr/shop/item.php?it_id=1621912083,60000,12,대한민국,450,33.0
101,101,제임슨 STD  ,http://www.kajawine.kr/shop/item.php?it_id=1610330976,45000,12,아일랜드,1000,40.0
102,102,라벨파이브 ,http://www.kajawine.kr/shop/item.php?it_id=1520153245,30000,12,영국,700,40.0
103,103,에즈라 브룩스 스트레이트 라이 위스키   ,http://www.kajawine.kr/shop/item.php?it_id=1632448253,69000,12,스코틀랜드,750,45.0
104,104,오반 14년  ,http://www.kajawine.kr/shop/item.php?it_id=1420593238,150000,14,스코틀랜드-하이랜드해안,700,43.0
105,105,"와일드 터키 101 1,  ",http://www.kajawine.kr/shop/item.php?it_id=1631185872,70000,12,미국,1000,50.5
106,106,에즈라 브룩스 버번 위스키   ,http://www.kajawine.kr/shop/item.php?it_id=1632881639,64000,12,미국,750,45.0
107,107,와일드 터키 101 ,http://www.kajawine.kr/shop/item.php?it_id=1369741406,55000,12,미국,700,50.5
108,108,벤리악 버니모스,http://www.kajawine.kr/shop/item.php?it_id=1612149819,98000,12,영국,700,48.0
109,109,사무엘 겔스톤스 싱글몰트 위스키   ,http://www.kajawine.kr/shop/item.php?it_id=1678289041,55000,12,아일랜드,700,40.0
110,110,조니워커 블랙   ,http://www.kajawine.kr/shop/item.php?it_id=1073530335,40000,12,영국,750,40.0
111,111,로크로몬드 오리지날+노징글라스 2  ,http://www.kajawine.kr/shop/item.php?it_id=1677201258,99000,12,스코틀랜드,700,40.0
112,112,라세니   ,http://www.kajawine.kr/shop/item.php?it_id=1658891740,79000,12,미국 USA,750,60.5
113,113,리뎀션 버번,http://www.kajawine.kr/shop/item.php?it_id=1612149542,90000,12,미국,750,42.0
114,114,맥나마라 럼 캐스크 피니시 ,http://www.kajawine.kr/shop/item.php?it_id=1633310961,59000,12,스코틀랜드,700,40.0
115,115,발렌타인 싱글몰트 글렌버기 12년 ,http://www.kajawine.kr/shop/item.php?it_id=1611712749,118000,12,영국,700,40.0
116,116,발베니 캐리비안 캐스크 14년산 :,http://www.kajawine.kr/shop/item.php?it_id=1141724986,205000,14,영국,700,43.0
117,117,글렌모렌지 엑스,http://www.kajawine.kr/shop/item.php?it_id=1654490023,82000,12,영국,700,40.0
118,118,옐로우스톤 셀렉트 버번  ,http://www.kajawine.kr/shop/item.php?it_id=1636682374,153000,15,미국 USA,750,43.0
119,119,글렌모렌지 18년,http://www.kajawine.kr/shop/item.php?it_id=4463118250,250000,18,스코틀랜드-하일런스,700,43.0
120,120,마쓰이 돗토리 버번 배럴  ,http://www.kajawine.kr/shop/item.php?it_id=1658892807,85000,12,일본 Japan,700,43.0
121,121,그란츠18년,http://www.kajawine.kr/shop/item.php?it_id=1584243046,65000,18,영국,500,40.0
122,122,싱글톤 더프타운 15년 잔세트 ,http://www.kajawine.kr/shop/item.php?it_id=1662698687,135000,15,하이랜드,700,40.0
123,123,짐빔 켄터키 파이어,http://www.kajawine.kr/shop/item.php?it_id=1441370917,47000,12,미국,750,35.0
124,124,포치 구 8년 ,http://www.kajawine.kr/shop/item.php?it_id=1633312500,105000,8,스코틀랜드,700,43.0
125,125,훼이머스 그라우스 파이니스트 1L : ,http://www.kajawine.kr/shop/item.php?it_id=1621991821,42000,12,스코틀랜드 Scotland,1000,40.0
126,126,오큰토션 12년 싱글 몰트  ,http://www.kajawine.kr/shop/item.php?it_id=1437806439,105000,12,영국,700,40.0
127,127,카발란 디스틸러리 셀렉트  ,http://www.kajawine.kr/shop/item.php?it_id=1632792805,113000,12,대만,700,40.0
128,128,산토리 히비끼 21년  ,http://www.kajawine.kr/shop/item.php?it_id=1335850249,1800000,21,일본,700,43.0
129,129,납크릭 라이,http://www.kajawine.kr/shop/item.php?it_id=1595088020,85000,12,미국,750,50.0
130,130,납크릭 9년 버본위스키,http://www.kajawine.kr/shop/item.php?it_id=1434455409,85000,9,미국,750,50.0
131,131,글렌알라키 10년 캐스크스트랭쓰,http://www.kajawine.kr/shop/item.php?it_id=1613961145,155000,10,스코틀랜드,700,58.2
132,132,골든블루 20 더 써미트,http://www.kajawine.kr/shop/item.php?it_id=1621908880,95000,12,대한민국,450,36.5
133,133,발렌타인 싱글몰트 15년 글렌버기,http://www.kajawine.kr/shop/item.php?it_id=1612746190,149000,15,영국,700,40.0
134,134,올드파12년   ,http://www.kajawine.kr/shop/item.php?it_id=1071113294,65000,12,영국,700,43.0
135,135,아녹 18년 ,http://www.kajawine.kr/shop/item.php?it_id=1612149120,300000,18,영국,700,46.0
136,136,맥켈란 15년 더블 캐스크,http://www.kajawine.kr/shop/item.php?it_id=1588651234,370000,15,영국,700,43.0
137,137,킬커란 12년 ,http://www.kajawine.kr/shop/item.php?it_id=1612747155,135000,12,스코틀랜드,700,46.0
138,138,조니워커 18년 +노징글라스 2,http://www.kajawine.kr/shop/item.php?it_id=1677119284,190000,18,영국,750,40.0
139,139,헤이즐번 12년,http://www.kajawine.kr/shop/item.php?it_id=1441532479,190000,12,스코틀랜드,700,46.0
140,140,아란 18년,http://www.kajawine.kr/shop/item.php?it_id=1612754927,290000,18,스코틀랜드,700,46.0
141,141,마이너 케이스 스트레이트 라이 위스키 ,http://www.kajawine.kr/shop/item.php?it_id=1636679656,142000,12,미국,750,45.0
142,142,아녹 12년,http://www.kajawine.kr/shop/item.php?it_id=1612148983,110000,12,영국,700,40.0
143,143,부쉬밀 블랙부쉬  ,http://www.kajawine.kr/shop/item.php?it_id=1551414449,55000,12,아일랜드,700,40.0
144,144,글렌글라사 에볼루션,http://www.kajawine.kr/shop/item.php?it_id=1612146163,101000,12,영국,700,50.0
145,145,포치 구 12년 ,http://www.kajawine.kr/shop/item.php?it_id=1633313757,135000,12,스코틀랜드,700,43.0
146,146,윈저 12년 ,http://www.kajawine.kr/shop/item.php?it_id=1249576527,35000,12,영국,500,40.0
147,147,코퍼독,http://www.kajawine.kr/shop/item.php?it_id=1634005358,55000,12,스코틀랜드,700,40.0
148,148,템플턴 라이 4년,http://www.kajawine.kr/shop/item.php?it_id=1612150225,95000,4,미국,700,40.0
149,149,아벨라워 12년,http://www.kajawine.kr/shop/item.php?it_id=1643158289,128000,12,영국,700,43.0
150,150,더 스무스 바이 임페리얼 17년 ,http://www.kajawine.kr/shop/item.php?it_id=1621910371,49000,17,대한민국,450,35.0
151,151,마쓰이 쿠라요시 퓨어몰트  ,http://www.kajawine.kr/shop/item.php?it_id=1636679591,109000,12,일본,700,43.0
152,152,1792 스몰배치,http://www.kajawine.kr/shop/item.php?it_id=1611102896,89000,12,켄터키,700,46.85
153,153,크래겐모어12년 ,http://www.kajawine.kr/shop/item.php?it_id=1420592272,99000,12,스코틀랜드-스페이사이드,700,40.0
154,154,그란츠 셀렉트 리저브,http://www.kajawine.kr/shop/item.php?it_id=1584244000,38000,12,영국,500,40.0
155,155,골든블루 22년,http://www.kajawine.kr/shop/item.php?it_id=1611027957,120000,22,영국,450,36.5
156,156,워터포드 더 뀌베,http://www.kajawine.kr/shop/item.php?it_id=1659062174,174000,15,아일랜드 Ireland,700,50.0
157,157,워터포드 싱글 팜 오리진 훅 헤드 1.1 워터포드  ,http://www.kajawine.kr/shop/item.php?it_id=1658891369,174000,15,아일랜드 Ireland,700,50.0
158,158,워터포드 싱글 팜 오리진 레이크 필드 1.1  ,http://www.kajawine.kr/shop/item.php?it_id=1658890366,174000,15,아일랜드 Ireland,700,50.0
159,159,워터포드 아카디안 오가닉 가이아 1.1  ,http://www.kajawine.kr/shop/item.php?it_id=1659063214,189000,15,아일랜드 Ireland,700,50.0
160,160,달모어 25년 [전용잔2개증정],http://www.kajawine.kr/shop/item.php?it_id=4363187205,2790000,25,스코틀랜드의 하이랜드(Highland),700,42.0
161,161,글렌글라사 토파,http://www.kajawine.kr/shop/item.php?it_id=1612146257,105000,12,영국,700,50.0
162,162,라이터즈 티얼즈 더블 오크,http://www.kajawine.kr/shop/item.php?it_id=1628820589,108000,12,아일랜드 Ireland,700,46.0
163,163,보모어 15년,http://www.kajawine.kr/shop/item.php?it_id=1612747862,173000,15,스코틀랜드,700,43.0
164,164,라프로익 트리플우드 ,http://www.kajawine.kr/shop/item.php?it_id=7219241582,140000,12,영국,700,48.0
165,165,에반 윌리엄스 파이어 ,http://www.kajawine.kr/shop/item.php?it_id=1690801320,30000,12,스코틀랜드 Scotland,750,32.5
166,166,부쉬밀 12년 싱글몰트  ,http://www.kajawine.kr/shop/item.php?it_id=1672460961,120000,12,아일랜드,700,40.0
167,167,발렌타인 파이니스트    ,http://www.kajawine.kr/shop/item.php?it_id=1672193391,30000,12,영국,700,40.0
168,168,글렌스코시아 캠벨타운 하버 ,http://www.kajawine.kr/shop/item.php?it_id=1632967743,120000,12,스코틀랜드,700,40.0
169,169,와일드 터키 라이 ,http://www.kajawine.kr/shop/item.php?it_id=1470542149,70000,12,미국,750,40.5
170,170,캐나디언 클럽 6년 ,http://www.kajawine.kr/shop/item.php?it_id=1335849446,30000,6,캐나다,700,40.0
171,171,캐나디언 클럽 12년 ,http://www.kajawine.kr/shop/item.php?it_id=1070602083,50000,12,캐나다,700,40.0
172,172,글렌피딕 IPA,http://www.kajawine.kr/shop/item.php?it_id=1621471881,149000,12,스코틀랜드 Scotland,700,43.0
173,173,몽키숄더  ,http://www.kajawine.kr/shop/item.php?it_id=1496380305,62000,12,스코틀랜드,700,40.0
174,174,킬커란 16년 ,http://www.kajawine.kr/shop/item.php?it_id=1633317262,235000,16,스코틀랜드,700,46.0
175,175,산토리 히비끼 30년 리미티드 에디션  ,http://www.kajawine.kr/shop/item.php?it_id=1688193662,11000000,30,일본,700,43.0
176,176,와일드 터키 13년  ,http://www.kajawine.kr/shop/item.php?it_id=1612752337,138000,13,미국,700,45.5
177,177,벤로막 15년  ,http://www.kajawine.kr/shop/item.php?it_id=1632965486,209000,15,스코틀랜드,700,43.0
178,178,킬호만 마키어 베이   ,http://www.kajawine.kr/shop/item.php?it_id=1632446857,125000,12,스코틀랜드,700,46.0
179,179,코스모,http://www.kajawine.kr/shop/item.php?it_id=1621479713,125000,12,일본 Japan,700,43.0
180,180,아란 마크리무어 캐스크 스트랭스,http://www.kajawine.kr/shop/item.php?it_id=1612147387,196000,15,영국,700,58.0
181,181,워터포드 바이오다이나믹 루나 1.1  ,http://www.kajawine.kr/shop/item.php?it_id=1659062768,195000,15,아일랜드 Ireland,700,50.0
182,182,산토리 히비끼 30년   ,http://www.kajawine.kr/shop/item.php?it_id=1499736192,12000000,30,일본,700,43.0
183,183,글렌로티스 12년  ,http://www.kajawine.kr/shop/item.php?it_id=1621468952,105000,12,영국 UK,700,40.0
184,184,아란 쿼터 캐스크  ,http://www.kajawine.kr/shop/item.php?it_id=1612148209,150000,12,영국,700,56.2
185,185,마쓰이 쿠라요시 퓨어몰트 8년  ,http://www.kajawine.kr/shop/item.php?it_id=1636679375,175000,8,일본,700,43.0
186,186,글렌로티스 WMC  ,http://www.kajawine.kr/shop/item.php?it_id=1621469749,180000,15,영국 UK,700,48.8
187,187,헤이즐번 10년 ,http://www.kajawine.kr/shop/item.php?it_id=1612224195,140000,10,스코틀랜드,700,46.0
188,188,롱로우 피티드,http://www.kajawine.kr/shop/item.php?it_id=1612151888,140000,12,스코틀랜드,700,46.0
189,189,비비앤알 퍼스펙티브 21년,http://www.kajawine.kr/shop/item.php?it_id=1629775477,205000,21,스코틀랜드,700,43.0
190,190,달모어 20년 ,http://www.kajawine.kr/shop/item.php?it_id=1613820766,749000,20,스코틀랜드의 하이랜드(Highland),700,43.0
191,191,와일드 터키 13년 파더앤선  ,http://www.kajawine.kr/shop/item.php?it_id=1675995846,185000,13,미국,1000,43.0
192,192,잭다니엘 싱글베럴   케이스없음,http://www.kajawine.kr/shop/item.php?it_id=1640659498,120000,12,미국,700,45.0
193,193,글렌그란트 12년  ,http://www.kajawine.kr/shop/item.php?it_id=1611888780,100000,12,스코틀랜드,700,43.0
194,194,코스모 WCF ,http://www.kajawine.kr/shop/item.php?it_id=1633049971,169000,15,일본,700,43.0
195,195,더 클래스 33 : ,http://www.kajawine.kr/shop/item.php?it_id=1621912989,38000,12,대한민국,450,33.0
196,196,올드 포레스터  ,http://www.kajawine.kr/shop/item.php?it_id=1621994165,65000,12,스코틀랜드,750,43.0
197,197,글렌알라키 12년 친커핀,http://www.kajawine.kr/shop/item.php?it_id=1621911827,180000,12,스코틀랜드,700,48.0
198,198,글렌 알라키 12년 프렌치 오크,http://www.kajawine.kr/shop/item.php?it_id=1621911333,180000,12,스코틀랜드,700,48.0
199,199,글렌알라키 스페니쉬 12년,http://www.kajawine.kr/shop/item.php?it_id=1621910757,180000,12,스코틀랜드,700,48.0
200,200,마쓰이 쿠라요시 쉐리 캐스크  ,http://www.kajawine.kr/shop/item.php?it_id=1636679264,129000,12,일본,700,43.0
201,201,비비앤알 피트 캐스크 스카치 몰트 위스키 ,http://www.kajawine.kr/shop/item.php?it_id=1629773257,69000,12,영국,700,44.2
202,202,비비앤알 아일라 스카치 몰트 위스키 ,http://www.kajawine.kr/shop/item.php?it_id=1629773094,69000,12,영국,700,44.2
203,203,비비앤알 스페이사이드 스카치 몰트 위스키 ,http://www.kajawine.kr/shop/item.php?it_id=1629769909,69000,12,영국,700,44.2
204,204,비비앤알 쉐리 캐스크 스카치 몰트 위스키  ,http://www.kajawine.kr/shop/item.php?it_id=1629769763,69000,12,영국,700,44.2
205,205,죠니워커 블루라벨 고스트앤레어 포트 던다스 ,http://www.kajawine.kr/shop/item.php?it_id=1699071760,420000,21,영국,750,43.0
206,206,휘슬피그 12년  ,http://www.kajawine.kr/shop/item.php?it_id=1635218447,210000,12,미국,700,43.0
207,207,노일리프랏 오리지널 드라이  ,http://www.kajawine.kr/shop/item.php?it_id=1635214146,49000,12,스코틀랜드 Scotland,1000,18.0
208,208,와일드 터키 켄터키 스피릿  ,http://www.kajawine.kr/shop/item.php?it_id=1612752614,119000,12,미국,750,50.5
209,209,아녹 24년 ,http://www.kajawine.kr/shop/item.php?it_id=1612149171,420000,24,영국,700,46.0
210,210,라벨 옐 스몰 배치 라이 위스키,http://www.kajawine.kr/shop/item.php?it_id=1611886854,70000,12,미국,750,45.0
211,211,글렌모렌지 넥타도르   ,http://www.kajawine.kr/shop/item.php?it_id=1604176947,145000,12,스코틀랜드-하일런스,700,46.0
212,212,헤도니즘  ,http://www.kajawine.kr/shop/item.php?it_id=1441452027,249000,18,영국,700,43.0
213,213,블랑톤 싱글배럴  말 이미지는 다를수 있습니다,http://www.kajawine.kr/shop/item.php?it_id=1614134361,235000,18,스코틀랜드,700,46.5
214,214,글렌모렌지 라산타 12년    이미지가 다릅니다,http://www.kajawine.kr/shop/item.php?it_id=1632449137,119000,12,스코틀랜드,700,43.0
215,215,맥켈란 12년 더블케스크  이미지가 다릅니다 ,http://www.kajawine.kr/shop/item.php?it_id=1589083872,165000,12,영국,700,40.0
216,216,마쓰이 쿠라요시 퓨어몰트 12년  ,http://www.kajawine.kr/shop/item.php?it_id=1636679453,225000,12,일본,700,43.0
217,217,부나하벤 12년  ,http://www.kajawine.kr/shop/item.php?it_id=1621480309,120000,12,스코틀랜드 Scotland,700,46.3
218,218,오큰토션 소비뇽 블랑  ,http://www.kajawine.kr/shop/item.php?it_id=1676425258,115000,12,영국,700,47.0
219,219,글렌그란트 아보라리스  ,http://www.kajawine.kr/shop/item.php?it_id=1611888492,75000,12,스코틀랜드,700,40.0
220,220,그레이트 킹 글래스고우 블랜드  ,http://www.kajawine.kr/shop/item.php?it_id=1441520594,95000,12,스코틀랜드,700,43.0
221,221,롱로우 21년 재고없음,http://www.kajawine.kr/shop/item.php?it_id=1633317127,720000,21,스코틀랜드,700,46.0
222,222,킬호만 사닉   ,http://www.kajawine.kr/shop/item.php?it_id=1632447704,155000,15,스코틀랜드,700,46.0
223,223,로얄살루트21년더비치폴로에디션 : ,http://www.kajawine.kr/shop/item.php?it_id=1698480186,440000,21,영국,750,43.0
224,224,아란 쉐리 캐스크,http://www.kajawine.kr/shop/item.php?it_id=1612147048,190000,15,영국,700,55.8
225,225,윈저 21년   ,http://www.kajawine.kr/shop/item.php?it_id=1251088907,105000,21,영국,500,40.0
226,226,발렌타인21년  ,http://www.kajawine.kr/shop/item.php?it_id=1609488238,185000,21,영국,500,40.0
227,227,올드 풀트니 12년  ,http://www.kajawine.kr/shop/item.php?it_id=1633048225,95000,12,스코틀랜드,700,46.0
228,228,와일드 터키 12년  ,http://www.kajawine.kr/shop/item.php?it_id=1675993694,148000,12,미국,700,50.5
229,229,브룩라딕 포트샬롯 아일라발리,http://www.kajawine.kr/shop/item.php?it_id=1624242675,165000,15,스코틀랜드 Scotland> 아일라 섬 Isaly,700,50.0
230,230,글렌모렌지 오리지널  케이스 없음,http://www.kajawine.kr/shop/item.php?it_id=1335734579,89000,12,스코틀랜드-하일런스,700,40.0
231,231,산토리 하쿠슈 18년 싱글 몰트 리미티드 에디션 ,http://www.kajawine.kr/shop/item.php?it_id=1688041499,1250000,18,일본,700,43.0
232,232,"글렌드로냑 1993 싱글 캐스크 20년 페드로 히메네즈 , 올타임 레전드  ",http://www.kajawine.kr/shop/item.php?it_id=1675998509,1250000,20,스코틀랜드 Scotland,700,54.7
233,233,발베니 21년,http://www.kajawine.kr/shop/item.php?it_id=1632451961,750000,21,스코틀랜드,700,40.0
234,234,브룩라딕 옥토모어 10년,http://www.kajawine.kr/shop/item.php?it_id=1623119428,500000,10,스코틀랜드 Scotland,700,56.8
235,235,포로지스 싱글배럴,http://www.kajawine.kr/shop/item.php?it_id=1614135585,90000,12,미국,700,50.0
236,236,EH테일러 스몰배치 ,http://www.kajawine.kr/shop/item.php?it_id=1628823760,169000,15,미국,750,50.0
237,237,임페리얼 퀀텀 19년  ,http://www.kajawine.kr/shop/item.php?it_id=1431258195,85000,19,영국 스코틀랜드,500,40.0
238,238,아벨라워 아부나흐  batch no 73  ,http://www.kajawine.kr/shop/item.php?it_id=1612747713,230000,18,영국,700,61.2
239,239,옐로우 로즈 라이 위스키   ,http://www.kajawine.kr/shop/item.php?it_id=1674445205,80000,12,미국 USA> 텍사스Texas,750,45.0
240,240,글렌파클라스 21년,http://www.kajawine.kr/shop/item.php?it_id=1621481596,320000,21,스코틀랜드 Scotland,700,43.0
241,241,아란 포트 캐스크 피니쉬,http://www.kajawine.kr/shop/item.php?it_id=1612148713,160000,15,영국,700,50.0
242,242,아란 소테른 캐스크 피니쉬 7월중 입고 예정,http://www.kajawine.kr/shop/item.php?it_id=1612147107,160000,15,영국,700,50.0
243,243,글렌파클라스 105 ,http://www.kajawine.kr/shop/item.php?it_id=1641522253,190000,15,스코틀랜드,1000,43.0
244,244,아녹 2002  ,http://www.kajawine.kr/shop/item.php?it_id=1612148774,190000,15,영국,700,46.0
245,245,시바스리갈12년 ,http://www.kajawine.kr/shop/item.php?it_id=1137121516,38000,12,영국,500,40.0
246,246,윈저 12년   ,http://www.kajawine.kr/shop/item.php?it_id=1250340286,25000,12,영국,350,40.0
247,247,클라이넬리쉬 12년,http://www.kajawine.kr/shop/item.php?it_id=5734721578,360000,12,스코틀랜드,700,58.5
248,248,벤리악 오리지널 10년[VAT 별도],http://www.kajawine.kr/shop/item.php?it_id=1641433805,99000,10,스코틀랜드 Scotland,700,43.0
249,249,포치 구 21년 ,http://www.kajawine.kr/shop/item.php?it_id=1633314576,255000,21,스코틀랜드,700,43.0
250,250,글렌피딕 프로젝트 트웬티,http://www.kajawine.kr/shop/item.php?it_id=1621474197,195000,15,스코틀랜드 Scotland,700,47.0
251,251,달모어 21년  이미지가 다릅니다,http://www.kajawine.kr/shop/item.php?it_id=1661415007,1840000,21,스코틀랜드의 하이랜드(Highland),700,43.8
252,252,사무엘 겔스톤스 싱글 팟 스틸 피노누아 캐스크   ,http://www.kajawine.kr/shop/item.php?it_id=1678288770,60000,12,아일랜드,700,40.0
253,253,라벨 옐 100 프루프 켄터키 스트레이트 버번 ,http://www.kajawine.kr/shop/item.php?it_id=1628823959,68000,12,미국,700,50.0
254,254,윌렛 팟스틸 리저브  ,http://www.kajawine.kr/shop/item.php?it_id=1614046369,174000,15,미국,750,47.0
255,255,컴파스박스 피트 몬스터   ,http://www.kajawine.kr/shop/item.php?it_id=1633308276,140000,12,영국,700,46.0
256,256,발베니 25년 레어매리지,http://www.kajawine.kr/shop/item.php?it_id=1688197231,2100000,25,영국,700,47.8
257,257,와일드 터키 마스터스 킵 1894 ,http://www.kajawine.kr/shop/item.php?it_id=1628825442,330000,21,미국,750,45.0
258,258,발렌타인12년 ,http://www.kajawine.kr/shop/item.php?it_id=1294200166,28500,12,영국,350,40.0
259,259,라프로익 10년 ,http://www.kajawine.kr/shop/item.php?it_id=0968368670,95000,10,영국,750,40.0
260,260,와일드 터키 마스터스 킵 원,http://www.kajawine.kr/shop/item.php?it_id=1675996440,365000,21,미국,750,50.5
261,261,와일드 터키 마스터스 킵 코너스톤 라이  ,http://www.kajawine.kr/shop/item.php?it_id=1638491054,365000,21,미국 USA,750,54.5
262,262,와일드 터키 마스터스 킵 바틀드 인 본드 17년,http://www.kajawine.kr/shop/item.php?it_id=1628827018,365000,17,미국,750,50.0
263,263,벤리악 하트 오브 스페이사이드,http://www.kajawine.kr/shop/item.php?it_id=1621554970,85000,12,스코틀랜드 Scotland,700,40.0
264,264,와일드 터키 롱 브랜치  ,http://www.kajawine.kr/shop/item.php?it_id=1612752494,88000,12,미국,750,43.0
265,265,발렌타인12년  ,http://www.kajawine.kr/shop/item.php?it_id=1294200373,44000,12,영국,500,40.0
266,266,우드포드 리저브,http://www.kajawine.kr/shop/item.php?it_id=1632445162,89000,12,미국,750,43.0
267,267,젠틀맨 잭  케이스 없음 ,http://www.kajawine.kr/shop/item.php?it_id=1413801623,73000,12,미국,700,40.0
268,268,조니워커 레드    ,http://www.kajawine.kr/shop/item.php?it_id=1621509792,43000,12,영국,1000,40.0
269,269,윈저 17년   ,http://www.kajawine.kr/shop/item.php?it_id=1249319581,50000,17,영국,450,40.0
270,270,휘슬피그 라이 10년 ,http://www.kajawine.kr/shop/item.php?it_id=1633568242,135000,10,미국,750,50.0
271,271,비비앤알 퍼스펙티브 25년,http://www.kajawine.kr/shop/item.php?it_id=1629774857,290000,25,스코틀랜드,700,43.0
272,272,제이앤비리저브15년   ,http://www.kajawine.kr/shop/item.php?it_id=1362111819,69000,15,영국,750,43.0
273,273,어피니티 ,http://www.kajawine.kr/shop/item.php?it_id=1633309113,285000,18,영국,700,46.0
274,274,발베니 위크 오브 피트 14년 ,http://www.kajawine.kr/shop/item.php?it_id=1632451668,220000,14,스코틀랜드,700,48.3
275,275,잭다니엘 크래들없음  ,http://www.kajawine.kr/shop/item.php?it_id=1283014307,125000,12,테네시주,1750,40.0
276,276,글렌스코시아 15년 ,http://www.kajawine.kr/shop/item.php?it_id=1632449793,200000,15,영국,700,46.0
277,277,발렌타인 12년   ,http://www.kajawine.kr/shop/item.php?it_id=9253013812,59000,12,영국,700,40.0
278,278,아드벡 10년 ,http://www.kajawine.kr/shop/item.php?it_id=1420681964,118000,10,스코틀랜드-아일러,700,46.0
279,279,애버펠디 12년   ,http://www.kajawine.kr/shop/item.php?it_id=1654820472,105000,12,스코틀랜드,700,43.0
280,280,올드 에즈라 7년  ,http://www.kajawine.kr/shop/item.php?it_id=1636681913,235000,7,미국,750,58.5
281,281,더 스무스 바이 임페리얼 12년  ,http://www.kajawine.kr/shop/item.php?it_id=1659317119,30000,12,대한민국,450,35.0
282,282,달모어 시가몰트,http://www.kajawine.kr/shop/item.php?it_id=1613821962,260000,18,스코틀랜드의 하이랜드(Highland),700,43.0
283,283,조니워커 골드 리저브 리미티드 에디션    +온더락 1+위스키스톤 4입,http://www.kajawine.kr/shop/item.php?it_id=1677120700,99000,12,스코틀랜드,750,40.0
284,284,발베니 26년 다크발리,http://www.kajawine.kr/shop/item.php?it_id=1688205041,2300000,26,스코틀랜드 Scotland,700,47.8
285,285,롱로우 18년,http://www.kajawine.kr/shop/item.php?it_id=1612151725,370000,18,스코틀랜드,700,46.0
286,286,듀어스 12년  ,http://www.kajawine.kr/shop/item.php?it_id=8041614109,60000,12,영국,700,43.0
287,287,크라운 로얄   케이스 없음,http://www.kajawine.kr/shop/item.php?it_id=1699325886,52000,12,캐나다,750,40.0
288,288,마쓰이 싱글몰트 사쿠라 캐스크  ,http://www.kajawine.kr/shop/item.php?it_id=1636679165,164000,15,일본,700,48.0
289,289,마쓰이 싱글몰트 미즈나라 캐스크  ,http://www.kajawine.kr/shop/item.php?it_id=1636679056,164000,15,일본,700,48.0
290,290,마쓰이 싱글몰트 더 피티드  ,http://www.kajawine.kr/shop/item.php?it_id=1636678972,164000,15,일본,700,48.0
291,291,와일드 터키 버번  ,http://www.kajawine.kr/shop/item.php?it_id=1632880908,49000,12,미국,700,40.5
292,292,글렌스코시아 빅토리아나 ,http://www.kajawine.kr/shop/item.php?it_id=1633316715,250000,18,스코틀랜드,700,51.5
293,293,딘스톤 13년 2008 ,http://www.kajawine.kr/shop/item.php?it_id=1676430269,320000,13,스코틀랜드 Scotland,700,66.6
294,294,글렌그란트 15년  ,http://www.kajawine.kr/shop/item.php?it_id=1649043617,150000,15,스코틀랜드 Scotland,700,50.0
295,295,아벨라워 16년 더블케스크,http://www.kajawine.kr/shop/item.php?it_id=1611101565,235000,16,스코틀랜드,700,43.0
296,296,더 글렌리벳 12년 엑설런스 ,http://www.kajawine.kr/shop/item.php?it_id=1426397099,95000,12,스코틀랜드-스페이사이드,700,40.0
297,297,부쉬밀 오리지널  ,http://www.kajawine.kr/shop/item.php?it_id=1551411906,44000,12,아일랜드,700,40.0
298,298,임페리얼 12년 ,http://www.kajawine.kr/shop/item.php?it_id=1612751115,32000,12,스코틀랜드,450,40.0
299,299,골든블루 사피루스 12년  ,http://www.kajawine.kr/shop/item.php?it_id=1431259636,32000,12,영국,450,36.5
300,300,노아스밀   ,http://www.kajawine.kr/shop/item.php?it_id=1611103447,185000,15,미국,750,57.15
301,301,로크로몬드 12년 ,http://www.kajawine.kr/shop/item.php?it_id=1628824803,125000,12,스코틀랜드 Scotland,700,46.0
302,302,발렌타인 마스터즈  ,http://www.kajawine.kr/shop/item.php?it_id=1621909697,50000,12,스코틀랜드 Scotland,500,40.0
303,303,하이랜드 파크 12년,http://www.kajawine.kr/shop/item.php?it_id=1329736729,96000,12,영국,700,40.0
304,304,부티크 y 위스키 밀튼더프 10년 배치 5  ,http://www.kajawine.kr/shop/item.php?it_id=1676430485,185000,10,스코틀랜드 Scotland,500,50.3
305,305,글렌알라키 15년  ,http://www.kajawine.kr/shop/item.php?it_id=1611889628,215000,15,스코틀랜드,700,46.0
306,306,글렌스코시아 18년  ,http://www.kajawine.kr/shop/item.php?it_id=1632967081,340000,18,스코틀랜드,700,43.0
307,307,카발란 올로로소 쉐리 오크 싱글 몰트 위스키  ,http://www.kajawine.kr/shop/item.php?it_id=1643766315,289000,18,대만,700,46.0
308,308,마쓰이 쿠라요시 퓨어몰트 18년  ,http://www.kajawine.kr/shop/item.php?it_id=1636679534,950000,18,일본,750,43.0
309,309,아란 마크리무어 ,http://www.kajawine.kr/shop/item.php?it_id=1612147594,172000,15,영국,700,46.0
310,310,에스코트 리저브17년  ,http://www.kajawine.kr/shop/item.php?it_id=1663467060,49000,17,스코틀랜드,450,35.0
311,311,글렌데일 리저브,http://www.kajawine.kr/shop/item.php?it_id=1618370830,32000,12,스코틀랜드,500,40.0
312,312,윌렛 라이 위스키 ,http://www.kajawine.kr/shop/item.php?it_id=1611890643,218000,18,영국,750,53.6
313,313,휘슬피그 15년 ,http://www.kajawine.kr/shop/item.php?it_id=1635220170,350000,15,미국,700,46.0
314,314,듀워스 18년 케이스 이미지가 다릅니다    ,http://www.kajawine.kr/shop/item.php?it_id=1593242170,170000,18,영국,700,40.0
315,315,듀워스 화이트 라벨   케이스가 없습니다,http://www.kajawine.kr/shop/item.php?it_id=3424923473,35000,12,영국,700,40.0
316,316,와일드 터키 레어 브리드  ,http://www.kajawine.kr/shop/item.php?it_id=1614045772,105000,12,미국,750,56.4
317,317,발베니 25년 트리플캐스크  ,http://www.kajawine.kr/shop/item.php?it_id=1612151172,1700000,25,영국,700,40.0
318,318,카발란 클래식 싱글몰트 위스키 ,http://www.kajawine.kr/shop/item.php?it_id=1520155366,196000,15,대만,700,40.0
319,319,카발란 솔리스트 포트 싱글 캐스크 스트랭쓰  ,http://www.kajawine.kr/shop/item.php?it_id=1628825554,340000,21,대만,700,55.0
320,320,글렌피딕 18년 햔금가,http://www.kajawine.kr/shop/item.php?it_id=0877714500,205000,18,영국,700,40.0
321,321,믹터스 스몰배치 사워 매쉬   ,http://www.kajawine.kr/shop/item.php?it_id=1632450669,107000,12,미국,700,43.0
322,322,믹터스 언블렌디드 아메리칸   ,http://www.kajawine.kr/shop/item.php?it_id=1611890166,107000,12,미국,700,41.7
323,323,믹터스 싱글배럴 라이   ,http://www.kajawine.kr/shop/item.php?it_id=1611889943,107000,12,미국,700,42.4
324,324,믹터스 스몰배치 버번 위스키   ,http://www.kajawine.kr/shop/item.php?it_id=1611102103,107000,12,미국,700,45.7
325,325,아란 10년  ,http://www.kajawine.kr/shop/item.php?it_id=1612754837,120000,10,스코틀랜드,700,46.0
326,326,옐로우 로즈 해리스 카운티 버번 위스키  ,http://www.kajawine.kr/shop/item.php?it_id=1642982209,75000,12,미국 USA> 텍사스Texas,750,46.0
327,327,조니워커 블루 토끼띠 에디션    ,http://www.kajawine.kr/shop/item.php?it_id=1677116002,450000,21,영국,750,46.0
328,328,조니워커 레드  ,http://www.kajawine.kr/shop/item.php?it_id=1070600343,32000,12,영국,750,40.0
329,329,조니워커  블루라벨 고스트앤레어   ,http://www.kajawine.kr/shop/item.php?it_id=1675907942,480000,21,영국,700,43.8
330,330,코발 밀레  ,http://www.kajawine.kr/shop/item.php?it_id=1612754994,159000,15,미국,500,40.0
331,331,잭다니엘 허니 ,http://www.kajawine.kr/shop/item.php?it_id=1398168386,43000,12,미국,700,35.0
332,332,라가불린 8년 :   ,http://www.kajawine.kr/shop/item.php?it_id=1612748222,115000,8,영국,700,48.0
333,333,아드벡 25년 2022 아드벡  ,http://www.kajawine.kr/shop/item.php?it_id=1676292367,3150000,25,스코틀랜드,700,46.0
334,334,비비앤알 퍼스펙티브 35년,http://www.kajawine.kr/shop/item.php?it_id=1629775202,530000,35,스코틀랜드,700,43.0
335,335,쿠일라 12년 ,http://www.kajawine.kr/shop/item.php?it_id=1627269348,108000,12,스코틀랜드> 아일라(Islay),700,43.0
336,336,스프링뱅크 로컬발리10년  ,http://www.kajawine.kr/shop/item.php?it_id=1684061774,1250000,10,영국 캠밸타운,700,51.6
337,337,라프로익 쿼터캐스크 ,http://www.kajawine.kr/shop/item.php?it_id=1329737649,105000,12,영국,750,43.0
338,338,글렌그란트 18년  ,http://www.kajawine.kr/shop/item.php?it_id=1611889126,270000,18,스코틀랜드,700,43.0
339,339,산토리 치타 . ,http://www.kajawine.kr/shop/item.php?it_id=1593243110,90000,12,일본,700,43.0
340,340,벤리악 25년,http://www.kajawine.kr/shop/item.php?it_id=1612149654,900000,25,영국,700,46.0
341,341,더 글렌리벳 15년,http://www.kajawine.kr/shop/item.php?it_id=1870839313,135000,15,스코틀랜드-스페이사이드,700,40.0
342,342,사가모어 스피릿 캐스크 스트렝스 ,http://www.kajawine.kr/shop/item.php?it_id=1690376924,180000,15,미국,700,41.5
343,343,글렌모렌지 시그넷 ,http://www.kajawine.kr/shop/item.php?it_id=5494586586,370000,21,스코틀랜드-하일런스,700,46.0
344,344,글렌드로낙 피티드 ,http://www.kajawine.kr/shop/item.php?it_id=1595082958,190000,15,영국,700,43.0
345,345,조니워커 블루 용 에디션    ,http://www.kajawine.kr/shop/item.php?it_id=1682576798,430000,21,영국,750,40.0
346,346,짐빔 화이트  ,http://www.kajawine.kr/shop/item.php?it_id=5723702187,33000,12,미국,1000,40.0
347,347,사가모어 스피릿 시그니처 ,http://www.kajawine.kr/shop/item.php?it_id=1690374429,100000,12,미국,700,41.5
348,348,시바스리갈12년   ,http://www.kajawine.kr/shop/item.php?it_id=1070598659,50000,12,영국,750,40.0
349,349,리젠트 버번  ,http://www.kajawine.kr/shop/item.php?it_id=1638242559,99000,12,스코틀랜드,750,47.0
350,350,로완스 크릭   ,http://www.kajawine.kr/shop/item.php?it_id=1611887314,145000,12,스코틀랜드,750,50.05
351,351,벤리악 30년 어덴티커스,http://www.kajawine.kr/shop/item.php?it_id=1612747400,1760000,30,스코틀랜드,700,46.0
352,352,탈리스커 10년,http://www.kajawine.kr/shop/item.php?it_id=1420594163,80000,10,스코틀랜드-스카이섬,700,45.8
353,353,글렌파클라스 15년  ,http://www.kajawine.kr/shop/item.php?it_id=1614050590,180000,15,스코틀랜드,700,43.0
354,354,와일드 터키 8년  ,http://www.kajawine.kr/shop/item.php?it_id=1623287770,59000,8,미국,700,50.5
355,355,오큰토션 쓰리우드   ,http://www.kajawine.kr/shop/item.php?it_id=1612748093,145000,12,영국,700,43.0
356,356,글렌피딕 15년 ,http://www.kajawine.kr/shop/item.php?it_id=1070600675,129000,15,영국,700,40.0
357,357,짐빔 화이트   ,http://www.kajawine.kr/shop/item.php?it_id=1071210649,27000,12,미국,700,40.0
358,358,보모어12년 ,http://www.kajawine.kr/shop/item.php?it_id=1862904677,85000,12,영국,750,43.0
359,359,조니워커 블루    케이스 이미지가 다를수 있습니다,http://www.kajawine.kr/shop/item.php?it_id=1677117999,230000,18,영국,500,43.0
360,360,글렌피딕 12년,http://www.kajawine.kr/shop/item.php?it_id=1070600579,85000,12,영국,700,40.0
361,361,애버펠디 21년 ,http://www.kajawine.kr/shop/item.php?it_id=1614306171,350000,21,스코틀랜드,750,40.0
362,362,커티샥STD    수량한정,http://www.kajawine.kr/shop/item.php?it_id=1674450206,22000,12,영국,750,43.0
363,363,"라프로익 포 오크 1,000미리  ",http://www.kajawine.kr/shop/item.php?it_id=1636677162,105000,12,프랑스 France,1000,43.0
364,364,로얄살루트21년 블루:  ,http://www.kajawine.kr/shop/item.php?it_id=1587525993,213000,21,영국,750,43.0
365,365,헤이그 클럽 ,http://www.kajawine.kr/shop/item.php?it_id=9716329437,100000,12,스코틀랜드의 하이랜드(Highland),750,43.0
366,366,발베니 싱글 배럴 15년산,http://www.kajawine.kr/shop/item.php?it_id=9703615656,490000,15,영국,700,43.0
367,367,발렌타인 30년 ,http://www.kajawine.kr/shop/item.php?it_id=9564326948,580000,30,영국,750,43.0
368,368,글렌피딕 15년 디스틸러리 에디션 1L 51%,http://www.kajawine.kr/shop/item.php?it_id=9091597750,190000,15,영국,1000,51.0
369,369,로얄살루트 38년  ,http://www.kajawine.kr/shop/item.php?it_id=8908152968,1000000,38,영국,700,40.0
370,370,로얄살루트 100 캐스크 셀렉션  ,http://www.kajawine.kr/shop/item.php?it_id=8741330860,430000,21,영국,700,40.0
371,371,발베니 포트 우드 21년산 ,http://www.kajawine.kr/shop/item.php?it_id=8136135652,990000,21,영국,700,43.0
372,372,스카치블루 스페셜 17년 ,http://www.kajawine.kr/shop/item.php?it_id=7434990703,49000,17,영국,450,40.0
373,373,달모어 18년  잔세트  잔 이미지가 다릅니다,http://www.kajawine.kr/shop/item.php?it_id=4361640802,320000,18,스코틀랜드의 하이랜드(Highland),700,43.0
374,374,달모어 15년1리터,http://www.kajawine.kr/shop/item.php?it_id=4360522684,320000,15,스코틀랜드의 하이랜드(Highland),750,43.0
375,375,조니워커 골드라벨 리저브    ,http://www.kajawine.kr/shop/item.php?it_id=3939159577,85000,12,영국,700,40.0
376,376,조니워커 블루 킹조지5세   이미지가 다를수 있습니다,http://www.kajawine.kr/shop/item.php?it_id=3929785173,850000,25,스코틀랜드,750,43.0
377,377,시바스리갈 25년  ,http://www.kajawine.kr/shop/item.php?it_id=3158106387,550000,25,영국,700,40.0
378,378,발렌타인 리미티드 에디션 ,http://www.kajawine.kr/shop/item.php?it_id=1791075885,300000,18,영국,700,40.0
379,379,글렌피딕 15년  ,http://www.kajawine.kr/shop/item.php?it_id=1699324223,120000,15,영국,700,40.0
380,380,로얄살루트 21년 조드푸르 폴로 에디션,http://www.kajawine.kr/shop/item.php?it_id=1698486211,450000,21,영국,750,43.0
381,381,잭다니엘 애플  ,http://www.kajawine.kr/shop/item.php?it_id=1697940332,56000,12,미국,1000,35.0
382,382,산토리히비끼17년 ,http://www.kajawine.kr/shop/item.php?it_id=1697805877,1050000,17,일본,700,43.0
383,383,시바스리갈18년  ,http://www.kajawine.kr/shop/item.php?it_id=1695973690,125000,18,영국,700,43.0
384,384,발렌타인 30년 최 ,http://www.kajawine.kr/shop/item.php?it_id=1689404434,580000,30,영국,750,43.0
385,385,올트모어 21년,http://www.kajawine.kr/shop/item.php?it_id=1688836321,410000,21,스코틀랜드,700,46.0
386,386,올트모어 18년,http://www.kajawine.kr/shop/item.php?it_id=1688836041,280000,18,스코틀랜드,700,46.0
387,387,죠니워커 블루라벨 돼지띠 리미티드에디션 ,http://www.kajawine.kr/shop/item.php?it_id=1688474614,450000,21,영국,750,40.0
388,388,산토리 야마자키 18년 리미티드 에디션,http://www.kajawine.kr/shop/item.php?it_id=1687927289,1250000,18,일본,700,43.0
389,389,산토리 히비끼 마스터즈 셀렉트,http://www.kajawine.kr/shop/item.php?it_id=1687925071,240000,18,일본,700,43.0
390,390,발베니15년 마데이라캐스크 ,http://www.kajawine.kr/shop/item.php?it_id=1683693226,350000,15,영국,700,43.0
391,391,오반 12년 싱글배럴,http://www.kajawine.kr/shop/item.php?it_id=1683352376,280000,12,스코틀랜드,700,56.2
392,392,제임슨 블랙 배럴  ,http://www.kajawine.kr/shop/item.php?it_id=1682561509,66000,12,아일랜드,700,40.0
393,393,잭다니엘 애플,http://www.kajawine.kr/shop/item.php?it_id=1679643362,52000,12,미국,700,35.0
394,394,조니워커 레드 +하이볼 글라스 1+코스터 1,http://www.kajawine.kr/shop/item.php?it_id=1677122422,1000000,25,영국,700,40.0
395,395,조니워커 블랙 쉐리    케이스가 없습니다,http://www.kajawine.kr/shop/item.php?it_id=1677029743,70000,12,스코틀랜드,700,40.0
396,396,옥토모어 10.3,http://www.kajawine.kr/shop/item.php?it_id=1676251999,1000000,25,스코틀랜드 Scotland,700,61.3
397,397,옥토모어 10.1,http://www.kajawine.kr/shop/item.php?it_id=1676251553,1000000,25,스코틀랜드 Scotland,700,59.8
398,398,로얄살루트 다이아몬드 주빌리 ,http://www.kajawine.kr/shop/item.php?it_id=1671358055,450000,21,영국,750,43.0
399,399,에반윌리암스블랙  ,http://www.kajawine.kr/shop/item.php?it_id=1667645417,30000,12,스코틀랜드 Scotland,750,43.0
400,400,시바스리갈12년  하이볼잔세트] ,http://www.kajawine.kr/shop/item.php?it_id=1663986687,38000,12,영국,500,40.0
401,401,켄터키 젠틀맨 버번위스키,http://www.kajawine.kr/shop/item.php?it_id=1662699178,33000,12,미국,750,40.0
402,402,조니워커 골드 페스티브 리미티드 에디션    ,http://www.kajawine.kr/shop/item.php?it_id=1658278528,85000,12,영국,700,40.0
403,403,"더 탈리스만 1,000미리",http://www.kajawine.kr/shop/item.php?it_id=1651039867,24000,12,스코틀랜드,1000,40.0
404,404,락 아일랜드,http://www.kajawine.kr/shop/item.php?it_id=1649646490,1000000,25,스코틀랜드 Scotland,700,46.8
405,405,조니워커 블루  ,http://www.kajawine.kr/shop/item.php?it_id=1645691077,280000,18,영국,750,40.0
406,406,라가불린 12년 ,http://www.kajawine.kr/shop/item.php?it_id=1643767956,280000,12,영국 스코틀랜드,700,56.5
407,407,로얄살루트 21년 리처드 퀸 에디션 블랙,http://www.kajawine.kr/shop/item.php?it_id=1642555541,1000000,21,스코틀랜드,700,43.0
408,408,로얄살루트 21년 리처드 퀸 에디션 화이트,http://www.kajawine.kr/shop/item.php?it_id=1642555227,1000000,21,스코틀랜드,700,43.0
409,409,벤리악 오리지널 12년[VAT 별도],http://www.kajawine.kr/shop/item.php?it_id=1641435095,120000,12,스코틀랜드 Scotland,700,43.0
410,410,캐나디언 클럽 1858 오리지널,http://www.kajawine.kr/shop/item.php?it_id=1640663815,1000000,25,캐나다,700,40.0
411,411,암룻 인디아 싱글몰트 위스키,http://www.kajawine.kr/shop/item.php?it_id=1639442279,1000000,25,인도 India,750,46.0
412,412,벤리악 16년 미니어쳐,http://www.kajawine.kr/shop/item.php?it_id=1636939429,22000,16,스코틀랜드,50,40.0
413,413,벤리악 12년 미니어쳐,http://www.kajawine.kr/shop/item.php?it_id=1636937565,15000,12,스코틀랜드,50,40.0
414,414,글렌모렌지 스피오스,http://www.kajawine.kr/shop/item.php?it_id=1635214510,1000000,25,스코틀랜드 Scotland,700,46.0
415,415,카듀 골드 리저브 왕좌의 게임 하우스 타르가르옌,http://www.kajawine.kr/shop/item.php?it_id=1634176412,1000000,25,스코틀랜드,700,40.0
416,416,스카치블루 포켓 ,http://www.kajawine.kr/shop/item.php?it_id=1634170947,49000,12,영국,200,40.0
417,417,맥켈란 에스테이트,http://www.kajawine.kr/shop/item.php?it_id=1634170509,1000000,25,스코틀랜드,750,43.0
418,418,오반 베이 리저브 왕좌의 게임 나이트 워치,http://www.kajawine.kr/shop/item.php?it_id=1634169638,1000000,25,스코틀랜드,700,43.0
419,419,100 파이퍼스 ,http://www.kajawine.kr/shop/item.php?it_id=1634096765,1000000,25,스코틀랜드,200,42.8
420,420,발렌타인 17년 스카파 에디션,http://www.kajawine.kr/shop/item.php?it_id=1634004925,1000000,17,스코틀랜드,700,43.0
421,421,조니워커 블랙  ,http://www.kajawine.kr/shop/item.php?it_id=1634003947,1000000,25,영국,200,40.0
422,422,딤플 12년 위스키,http://www.kajawine.kr/shop/item.php?it_id=1634002106,1000000,12,스코틀랜드,750,40.0
423,423,100 파이퍼스,http://www.kajawine.kr/shop/item.php?it_id=1633997718,1000000,25,스코틀랜드,750,42.8
424,424,올드 페퍼 싱글 배럴 스트레이트 라이 위스키,http://www.kajawine.kr/shop/item.php?it_id=1633572512,1000000,25,미국,750,55.0
425,425,잭다니엘  세트,http://www.kajawine.kr/shop/item.php?it_id=1633058045,52000,12,미국,700,40.0
426,426,틸링 플랜테이션 럼 캐스크 피니시,http://www.kajawine.kr/shop/item.php?it_id=1633051619,1000000,25,아일랜드,700,46.0
427,427,틸링 싱글 팟스틸,http://www.kajawine.kr/shop/item.php?it_id=1633051465,1000000,25,아일랜드,700,46.0
428,428,틸링 스몰배치,http://www.kajawine.kr/shop/item.php?it_id=1633050989,1000000,25,아일랜드,700,46.0
429,429,틸링 블랙 핏츠,http://www.kajawine.kr/shop/item.php?it_id=1633050809,1000000,25,아일랜드,750,43.0
430,430,탈리스커 포트리,http://www.kajawine.kr/shop/item.php?it_id=1633050278,1000000,25,아일랜드,700,45.8
431,431,코마가타게 2020 리미티드 ,http://www.kajawine.kr/shop/item.php?it_id=1633049709,1000000,25,일본,700,50.0
432,432,카덴헤드 토민틀 글렛리벳 14년,http://www.kajawine.kr/shop/item.php?it_id=1633049366,1000000,14,스코틀랜드,700,46.0
433,433,카덴헤드 부나하벤 7년,http://www.kajawine.kr/shop/item.php?it_id=1633049132,1000000,7,스코틀랜드,700,44.0
434,434,이와이 트레디션 SCF,http://www.kajawine.kr/shop/item.php?it_id=1633048952,1000000,25,일본,750,40.0
435,435,로즈뱅크 30년,http://www.kajawine.kr/shop/item.php?it_id=1632972115,1000000,30,스코틀랜드,700,48.6
436,436,에드라두어 10년,http://www.kajawine.kr/shop/item.php?it_id=1632969612,1000000,10,스코틀랜드,700,40.0
437,437,더 탈리스만 ,http://www.kajawine.kr/shop/item.php?it_id=1632961342,19000,12,스코틀랜드,700,40.0
438,438,엘라이저 크레이그 스몰배치,http://www.kajawine.kr/shop/item.php?it_id=1632881274,1000000,25,미국,750,47.0
439,439,스페이번 브라단 오락,http://www.kajawine.kr/shop/item.php?it_id=1632880257,1000000,25,스코틀랜드,700,40.0
440,440,스페이번 10년,http://www.kajawine.kr/shop/item.php?it_id=1632879615,1000000,10,스코틀랜드,700,40.0
441,441,아녹 피트하트,http://www.kajawine.kr/shop/item.php?it_id=1632879006,1000000,25,스코틀랜드,750,46.0
442,442,아녹 루안,http://www.kajawine.kr/shop/item.php?it_id=1632878569,1000000,25,스코틀랜드,750,46.0
443,443,글렌알라키 10년 캐스크스트랭쓰 미니어쳐,http://www.kajawine.kr/shop/item.php?it_id=1632877933,1000000,10,스코틀랜드,50,58.2
444,444,1792 풀프루프,http://www.kajawine.kr/shop/item.php?it_id=1632877198,1000000,25,미국,750,62.5
445,445,1792 스위트 위트 버번,http://www.kajawine.kr/shop/item.php?it_id=1632876943,1000000,25,미국,750,45.6
446,446,1792 싱글 배럴,http://www.kajawine.kr/shop/item.php?it_id=1632876776,1000000,25,미국,750,49.3
447,447,1792 바틀드 인 본드,http://www.kajawine.kr/shop/item.php?it_id=1632876574,1000000,25,미국,750,50.0
448,448,브룩라딕 포트샬롯 OLC,http://www.kajawine.kr/shop/item.php?it_id=1632794895,1000000,25,스코틀랜드,700,55.1
449,449,브룩라딕 포트샬롯 10년,http://www.kajawine.kr/shop/item.php?it_id=1632794420,1000000,10,스코틀랜드,700,50.0
450,450,맥켈란 25년 쉐리오크,http://www.kajawine.kr/shop/item.php?it_id=1632790678,1000000,25,스코틀랜드,750,43.0
451,451,글렌로티스 12년 미니어쳐,http://www.kajawine.kr/shop/item.php?it_id=1632790272,1000000,12,영국 UK,100,40.0
452,452,텐자쿠,http://www.kajawine.kr/shop/item.php?it_id=1632711891,1000000,25,미국,700,40.0
453,453,웰러 앤티크 107,http://www.kajawine.kr/shop/item.php?it_id=1632711050,1000000,25,미국,750,53.5
454,454,웰러 스페셜 리저브,http://www.kajawine.kr/shop/item.php?it_id=1632710586,1000000,25,미국,750,45.0
455,455,아란 아마로네 캐스크 피니시,http://www.kajawine.kr/shop/item.php?it_id=1632444614,160000,15,스코틀랜드,700,50.0
456,456,글렌도워 블랜디드 몰트 위스키,http://www.kajawine.kr/shop/item.php?it_id=1631491978,60000,12,스코틀랜드,700,40.0
457,457,벤치마크 NO. 8  ,http://www.kajawine.kr/shop/item.php?it_id=1629769237,25000,12,스코틀랜드,750,40.0
458,458,킹덤 30년 ,http://www.kajawine.kr/shop/item.php?it_id=1628129350,950000,30,영국,700,40.0
459,459,라가불린 12년 캐스크 스트랭스 2018 에디션,http://www.kajawine.kr/shop/item.php?it_id=1627004621,280000,12,스코틀랜드,700,54.4
460,460,라가불린 디스틸러스 에디션,http://www.kajawine.kr/shop/item.php?it_id=1627004155,240000,18,스코틀랜드,700,43.0
461,461,스카치블루 인터내셔널 12년  ,http://www.kajawine.kr/shop/item.php?it_id=1626925642,21000,12,영국,350,43.0
462,462,발렌타인 23년 ,http://www.kajawine.kr/shop/item.php?it_id=1626916149,320000,23,영국,700,40.0
463,463,포터스 크라운 캐나디언 위스키,http://www.kajawine.kr/shop/item.php?it_id=1626395666,20000,12,스코틀랜드,750,40.0
464,464,BEST 와인 할인 행사,http://www.kajawine.kr/shop/item.php?it_id=1623986299,70000,12,스코틀랜드,750,43.0
465,465,커티샥 +하이볼잔,http://www.kajawine.kr/shop/item.php?it_id=1621992941,37000,12,스코틀랜드,500,40.0
466,466,에스코트 17년,http://www.kajawine.kr/shop/item.php?it_id=1621913065,49000,17,대한민국,450,35.0
467,467,브룩라딕 옥토모어 07.3 아일라발리,http://www.kajawine.kr/shop/item.php?it_id=1621480748,1000000,25,스코틀랜드 Scotland,750,43.0
468,468,브룩라디 옥토모어 스코티쉬 발리 11.1,http://www.kajawine.kr/shop/item.php?it_id=1621478948,1000000,25,스코틀랜드 Scotland,700,59.4
469,469,브룩라디 옥토모어 에디션 11.3 아일라 발리,http://www.kajawine.kr/shop/item.php?it_id=1621478028,1000000,25,스코틀랜드 Scotland,700,61.7
470,470,벨스 오리지널,http://www.kajawine.kr/shop/item.php?it_id=1614134166,19000,12,스코틀랜드,700,40.0
471,471,이글레어 10년,http://www.kajawine.kr/shop/item.php?it_id=1613962826,1000000,10,미국,750,45.0
472,472,맥켈란 18년 더블 캐스크  ,http://www.kajawine.kr/shop/item.php?it_id=1613962077,590000,18,스코틀랜드,700,43.0
473,473,달모어 12년 쉐리캐스크 ,http://www.kajawine.kr/shop/item.php?it_id=1613961711,175000,12,스코틀랜드,700,43.0
474,474,로얄살루트 이터널 리저브,http://www.kajawine.kr/shop/item.php?it_id=1613440536,490000,21,스코틀랜드,700,40.0
475,475,스코티쉬 리더 30년,http://www.kajawine.kr/shop/item.php?it_id=1613440383,450000,30,스코틀랜드,750,40.0
476,476,롭로이 25년 케이스 없음,http://www.kajawine.kr/shop/item.php?it_id=1613438182,450000,25,스코틀랜드,700,43.0
477,477,달모어 18년  ,http://www.kajawine.kr/shop/item.php?it_id=1613197077,520000,18,스코틀랜드의 하이랜드(Highland),700,43.0
478,478,달모어 15년   ,http://www.kajawine.kr/shop/item.php?it_id=1613196556,240000,15,스코틀랜드의 하이랜드(Highland),700,40.0
479,479,짐빔 더블 오크,http://www.kajawine.kr/shop/item.php?it_id=1612754552,55000,12,미국,700,43.0
480,480,우드포드 리저브 라이,http://www.kajawine.kr/shop/item.php?it_id=1612750665,135000,12,미국 켄터키,700,45.2
481,481,아드벡 언 오,http://www.kajawine.kr/shop/item.php?it_id=1612224017,140000,12,스코틀랜드,700,46.6
482,482,맥켈란 12년 쉐리오크 ,http://www.kajawine.kr/shop/item.php?it_id=1612223894,220000,12,스코틀랜드,700,40.0
483,483,리뎀션 라이,http://www.kajawine.kr/shop/item.php?it_id=1612149492,90000,12,미국,750,46.0
484,484,리뎀션 하이라이버번,http://www.kajawine.kr/shop/item.php?it_id=1612149277,90000,12,미국,750,46.0
485,485,제임스 이페퍼 1776 스트레이트 라이 위스키 이미지가 다릅니다,http://www.kajawine.kr/shop/item.php?it_id=1612148101,125000,12,미국,750,50.0
486,486,제임스 이페퍼 1776 스트레이트 버번 위스키,http://www.kajawine.kr/shop/item.php?it_id=1612147919,125000,12,미국,750,50.0
487,487,말테세 스카치 위스키,http://www.kajawine.kr/shop/item.php?it_id=1612138285,25000,12,영국,700,40.0
488,488,러셀 리저브 10년,http://www.kajawine.kr/shop/item.php?it_id=1611890479,115000,10,영국,750,45.0
489,489,에피큐리언,http://www.kajawine.kr/shop/item.php?it_id=1611889668,130000,12,스코틀랜드,700,46.2
490,490,티모러스 비스티,http://www.kajawine.kr/shop/item.php?it_id=1611889236,130000,12,스코틀랜드,700,46.8
491,491,코발 포그레인,http://www.kajawine.kr/shop/item.php?it_id=1611888433,100000,12,미국,500,47.0
492,492,코발 버번,http://www.kajawine.kr/shop/item.php?it_id=1611888334,100000,12,미국,500,47.0
493,493,코발 라이,http://www.kajawine.kr/shop/item.php?it_id=1611887853,100000,12,미국,500,40.0
494,494,라벨 옐 켄터키 스트레이트 버번 위스키,http://www.kajawine.kr/shop/item.php?it_id=1611886613,56000,12,미국,700,40.0
495,495,락 오이스터,http://www.kajawine.kr/shop/item.php?it_id=1611886260,125000,12,스코틀랜드,750,46.8
496,496,울프번 랭스킵,http://www.kajawine.kr/shop/item.php?it_id=1611886102,150000,12,스코틀랜드,700,58.0
497,497,울프번 오로라,http://www.kajawine.kr/shop/item.php?it_id=1611886022,130000,12,스코틀랜드,700,46.0
498,498,울프번 몰벤,http://www.kajawine.kr/shop/item.php?it_id=1611885472,130000,12,스코틀랜드,700,46.0
499,499,울프번 노스랜드,http://www.kajawine.kr/shop/item.php?it_id=1611885203,140000,12,스코틀랜드,700,46.0
500,500,로얄살루트 다이아몬드 트리뷰티 케이스가 다를수 있습니다,http://www.kajawine.kr/shop/item.php?it_id=1611372313,560000,25,영국,700,43.0
501,501,라프로익 브로디어,http://www.kajawine.kr/shop/item.php?it_id=1611103543,1000000,25,미국,700,48.0
502,502,벅 8년 스몰배치 버번 위스키,http://www.kajawine.kr/shop/item.php?it_id=1611103237,1000000,8,미국,750,45.0
503,503,제임슨 캐스크메이트,http://www.kajawine.kr/shop/item.php?it_id=1611103085,50000,12,아일랜드,700,40.0
504,504,사제락 라이 위스키,http://www.kajawine.kr/shop/item.php?it_id=1611102796,103000,12,스코틀랜드,750,45.0
505,505,러셀 리저브 싱글 배럴  ,http://www.kajawine.kr/shop/item.php?it_id=1611102431,170000,15,미국,750,55.0
506,506,글렌파클라스 12년,http://www.kajawine.kr/shop/item.php?it_id=1611100772,1000000,12,스코틀랜드,700,43.0
507,507,죠니워커 더블 블랙 1000m l,http://www.kajawine.kr/shop/item.php?it_id=1610500007,78000,12,영국,1000,40.0
508,508,발렌타인17년  ,http://www.kajawine.kr/shop/item.php?it_id=1608609171,99000,17,영국,750,43.0
509,509,맥켈란 셀렉트 오크 ,http://www.kajawine.kr/shop/item.php?it_id=1603015094,1000000,25,영국,1000,40.0
510,510,글렌드로낙 21년 팔러먼트  ,http://www.kajawine.kr/shop/item.php?it_id=1595086710,550000,21,영국,700,48.0
511,511,글렌드로낙 18년 앨러디스(글렌드로냑18년 앨러디스  ,http://www.kajawine.kr/shop/item.php?it_id=1595081671,480000,18,영국,700,46.0
512,512,글렌드로낙 12년 ,http://www.kajawine.kr/shop/item.php?it_id=1595080260,109000,12,영국,700,43.0
513,513,부쉬밀 21년 싱글몰트 ,http://www.kajawine.kr/shop/item.php?it_id=1551419002,460000,21,아일랜드,700,40.0
514,514,부쉬밀 10년 싱글몰트  ,http://www.kajawine.kr/shop/item.php?it_id=1551417692,87000,10,아일랜드,700,40.0
515,515,로얄살루트 32년산 유니온 오브 더 크라운즈  ,http://www.kajawine.kr/shop/item.php?it_id=1550970069,670000,32,영국,500,40.0
516,516,발렌타인 12년  ,http://www.kajawine.kr/shop/item.php?it_id=1520153162,49000,12,영국,700,40.0
517,517,죠니워커 더블 블랙  ,http://www.kajawine.kr/shop/item.php?it_id=1448025223,68000,12,영국,700,40.0
518,518,던힐 올드마스타 이미지가 다릅니다,http://www.kajawine.kr/shop/item.php?it_id=1446949997,130000,12,영국,700,43.0
519,519,써에드워드STD ,http://www.kajawine.kr/shop/item.php?it_id=1444444254,130000,12,프랑스,4500,40.0
520,520,조니워커 블루 킹조지5세  이미지가 다를수 있습니다,http://www.kajawine.kr/shop/item.php?it_id=1434270643,600000,25,스코틀랜드,500,43.0
521,521,글렌모렌지 퀸타 루반 14년   ,http://www.kajawine.kr/shop/item.php?it_id=1420685672,125000,14,스코틀랜드-하일런스,700,46.0
522,522,아드벡 우거다일 이미지가 다릅니다,http://www.kajawine.kr/shop/item.php?it_id=1420685159,184000,15,스코틀랜드-아일러,700,54.2
523,523,아드벡 코리브레칸  이미지가 다를수 있습니다,http://www.kajawine.kr/shop/item.php?it_id=1420682539,200000,15,스코틀랜드-아일러,700,57.1
524,524,발렌타인 21년 도자기 ,http://www.kajawine.kr/shop/item.php?it_id=1395227030,250000,21,영국,700,40.0
525,525,스카치블루 인터내셔널 12년 ,http://www.kajawine.kr/shop/item.php?it_id=1357434575,33000,12,영국,450,43.0
526,526,올드파 12년   ,http://www.kajawine.kr/shop/item.php?it_id=1348011681,80000,12,영국,1000,40.0
527,527,레가시 21년,http://www.kajawine.kr/shop/item.php?it_id=1336742918,210000,21,영국,750,43.0
528,528,라프로익 25년,http://www.kajawine.kr/shop/item.php?it_id=1330220316,650000,25,영국,750,45.1
529,529,발베니 더블 우드 12년산,http://www.kajawine.kr/shop/item.php?it_id=1329702671,135000,12,영국,700,40.0
530,530,맥켈란 파인 오크 21년,http://www.kajawine.kr/shop/item.php?it_id=1315297112,1000000,21,영국,700,43.0
531,531,발렌타인17년   ,http://www.kajawine.kr/shop/item.php?it_id=1078547098,115000,17,영국,750,40.0
532,532,시바스리갈18년   케이스 없음,http://www.kajawine.kr/shop/item.php?it_id=1073615599,120000,18,영국,700,43.0
533,533,발렌타인 30년  ,http://www.kajawine.kr/shop/item.php?it_id=1073614991,500000,30,영국,700,43.0
534,534,글렌피딕 21년 ,http://www.kajawine.kr/shop/item.php?it_id=1070595790,375000,21,영국,750,43.0
535,535,스카치블루21년  ,http://www.kajawine.kr/shop/item.php?it_id=1070594875,105000,21,영국,500,43.0
536,536,스카치블루17년 ,http://www.kajawine.kr/shop/item.php?it_id=1070591726,95000,17,영국,700,43.0
537,537,로얄살루트 월드폴로,http://www.kajawine.kr/shop/item.php?it_id=0899085431,400000,21,영국,700,40.0
538,538,메이커스 마크  ,http://www.kajawine.kr/shop/item.php?it_id=1329635093,52000,12,미국>켄터키(Kentucky),750,45.0
539,539,조니워커 블루 서울 에디션    ,http://www.kajawine.kr/shop/item.php?it_id=1692276079,380000,21,영국,750,40.0
540,540,글렌파클라스 105  ,http://www.kajawine.kr/shop/item.php?it_id=1614050866,150000,12,스코틀랜드,700,43.0
541,541,네이키드 몰트 블렌디드 ,http://www.kajawine.kr/shop/item.php?it_id=1659754130,50000,12,스코틀랜드,700,40.0
542,542,발렌타인21년   ,http://www.kajawine.kr/shop/item.php?it_id=1070591483,188000,21,영국,700,40.0
543,543,맥켈란 18년 쉐리 오크,http://www.kajawine.kr/shop/item.php?it_id=1335734191,670000,18,영국,700,43.0
544,544,글렌스코시아 더블 캐스크 ,http://www.kajawine.kr/shop/item.php?it_id=1632965964,140000,12,스코틀랜드,700,46.0
545,545,포로지스  ,http://www.kajawine.kr/shop/item.php?it_id=1614048850,55000,12,미국,700,40.0
546,546,옐로우 로즈 아메리칸 위스키  ,http://www.kajawine.kr/shop/item.php?it_id=1629774260,40000,12,미국,700,40.0
547,547,골든블루 더 다이아몬드 17년  ,http://www.kajawine.kr/shop/item.php?it_id=1431260059,49000,17,영국,750,43.0
548,548,커리지 앤 컨빅션 버번 캐스크 ,http://www.kajawine.kr/shop/item.php?it_id=1658890306,1000000,25,미국 USA,750,46.0
549,549,커리지 앤 컨빅션 뀌베 캐스크 ,http://www.kajawine.kr/shop/item.php?it_id=1658889847,1000000,25,미국 USA,750,46.0
550,550,커리지 앤 컨빅션 쉐리 캐스크 ,http://www.kajawine.kr/shop/item.php?it_id=1658885632,1000000,25,미국 USA,750,46.0
551,551,와일드 터키 마스터스 킵 리바이벌,http://www.kajawine.kr/shop/item.php?it_id=1649647952,1000000,25,미국,750,50.5
552,552,맥켈란 테라,http://www.kajawine.kr/shop/item.php?it_id=1621477376,1000000,25,스코틀랜드 Scotland,700,43.8
553,553,맥켈란 퀘스트,http://www.kajawine.kr/shop/item.php?it_id=1621470540,1000000,25,스코틀랜드 Scotland,700,40.0
554,554,아벨라워 10년,http://www.kajawine.kr/shop/item.php?it_id=1611101334,1000000,10,스코틀랜드,700,40.0
555,555,맥켈란 No.3 /맥켈란에디션넘버쓰리 ,http://www.kajawine.kr/shop/item.php?it_id=1517878876,1000000,25,영국,700,48.3
556,556,맥켈란 No.2 /맥켈란에디션넘버투 ,http://www.kajawine.kr/shop/item.php?it_id=1517878725,1000000,25,영국,700,48.2
557,557,맥켈란 레어캐스크 레드 ,http://www.kajawine.kr/shop/item.php?it_id=1441510318,1000000,25,스코틀랜드,750,43.0
558,558,맥켈란 파인 오크 17년,http://www.kajawine.kr/shop/item.php?it_id=1441508483,1000000,17,스코틀랜드,700,43.0
559,559,맥켈란 15년 트리플 캐스크,http://www.kajawine.kr/shop/item.php?it_id=1335734037,1000000,15,영국,700,43.0
560,560,조니워커 블루     ,http://www.kajawine.kr/shop/item.php?it_id=1623985639,360000,21,영국,1000,40.0
